adverse_event,semaglutide_rate,placebo_rate,trial_rate,placebo_rate_prop,risk_difference,count,faers_rate,divergence_score,absolute_divergence,interpretation
nausea,44,17.0,0.44,0.17,0.27,862,0.2675356921166977,-0.1724643078833023,0.1724643078833023,Higher in Clinical Trials
constipation,24,11.0,0.24,0.11,0.13,231,0.07169459962756052,-0.16830540037243946,0.16830540037243946,Higher in Clinical Trials
dyspepsia,7,3.0,0.07,0.03,0.04000000000000001,76,0.023587833643699565,-0.04641216635630044,0.04641216635630044,Higher in Clinical Trials
dizziness,5,3.0,0.05,0.03,0.020000000000000004,288,0.0893854748603352,0.039385474860335196,0.039385474860335196,Higher in FAERS
pancreatitis,1,0.0,0.01,0.0,0.01,147,0.04562383612662942,0.03562383612662942,0.03562383612662942,Higher in FAERS
fatigue,8,5.0,0.08,0.05,0.03,360,0.11173184357541899,0.031731843575418986,0.031731843575418986,Higher in FAERS
abdominal pain,10,4.0,0.1,0.04,0.060000000000000005,232,0.07200496585971446,-0.02799503414028555,0.02799503414028555,Higher in Clinical Trials
vomiting,24,6.0,0.24,0.06,0.18,750,0.23277467411545624,-0.0072253258845437485,0.0072253258845437485,Higher in Clinical Trials
headache,9,6.0,0.09,0.06,0.03,276,0.0856610800744879,-0.004338919925512094,0.004338919925512094,Higher in Clinical Trials
